PatientID,StudyID,NoduleID,NumAnnotations,Diameter,SurfaceArea,Volume,Malignancy,Texture,Spiculation,Lobulation,Margin,Sphericity,Calcification,InternalStructure,Subtlety
LIDC-IDRI-0186,1.3.6.1.4.1.14519.5.2.1.6279.6001.300568323537528705778699437287,0,2,5.71474836586396,88.6085361997863,87.23824409182271,1,5,1,3,5,5,3,1,5
LIDC-IDRI-0186,1.3.6.1.4.1.14519.5.2.1.6279.6001.300568323537528705778699437287,1,1,12.695788335698902,412.7272567505263,550.4317781981081,2,1,1,1,2,5,6,1,1
LIDC-IDRI-0186,1.3.6.1.4.1.14519.5.2.1.6279.6001.300568323537528705778699437287,2,2,6.48546808322662,100.71551667063198,90.35389566661252,3,5,2,3,3,4,6,1,4
LIDC-IDRI-0186,1.3.6.1.4.1.14519.5.2.1.6279.6001.300568323537528705778699437287,3,2,31.35373064128052,3097.28997141845,7943.094052086526,3,5,4,3,3,4,6,4,5
LIDC-IDRI-0186,1.3.6.1.4.1.14519.5.2.1.6279.6001.300568323537528705778699437287,4,4,17.44550398094146,881.2490085367974,1382.7002050916053,5,5,4,3,4,4,6,1,5
